,T,status,dens.ave,visco.ave
0,5,running,0.0256605155140756,4.821298174712656e-06
