,T,status,dens.ave,visco.ave
0,3,completed,0.0256605155140756,5.899447835117592e-07
