,T,status,dens.ave,visco.ave
0,4,completed,0.0256605155140756,-1.853611702978796e-05
