,T,status,dens.ave,visco.ave
0,6,completed,0.0256605155140756,3.7699056784481894e-06
